yorum,duygu
"Karmaşık duygular içerisindeyim, bilemedim.",nötr
"Hiç memnun kalmadım, kötü bir deneyimdi.",olumsuz
"Kalitesiz bir ürün, tavsiye etmiyorum.",olumsuz
"Fotoğraftaki gibi değil, yanıltıcı.",olumsuz
"Kalitesiz bir ürün, tavsiye etmiyorum.",olumsuz
Ne övülecek kadar iyi ne de kötü.,nötr
Beklentimi hiç karşılamadı.,olumsuz
Berbat bir alışverişti.,olumsuz
"Ürünü denemedim, yorum yapmam zor.",nötr
"Normal bir ürün, ortalama kalite.",nötr
Fiyatına göre mükemmel bir ürün.,olumlu
"Satıcı çok ilgiliydi, teşekkür ederim.",olumlu
"Satıcı ilgisizdi, sorun yaşadım.",olumsuz
Berbat bir alışverişti.,olumsuz
"Bu ürün gerçekten harika, çok memnun kaldım.",olumlu
"Ürün bozuk geldi, iade ettim.",olumsuz
"Ürün bozuk geldi, iade ettim.",olumsuz
Berbat bir alışverişti.,olumsuz
İyi mi kötü mü emin olamadım.,nötr
"Normal bir ürün, ortalama kalite.",nötr
"Tam anlatıldığı gibi, çok başarılı.",olumlu
"Kalitesi çok iyi, herkese tavsiye ederim.",olumlu
"Tam anlatıldığı gibi, çok başarılı.",olumlu
"Satıcı çok ilgiliydi, teşekkür ederim.",olumlu
"Ürün bozuk geldi, iade ettim.",olumsuz
"Kararsız kaldım, tekrar alır mıyım bilmiyorum.",nötr
Ne yazık ki yorum yapacak kadar kullanmadım.,nötr
"Çok güzel paketlenmişti, teşekkür ederim.",olumlu
"Ürünü denemedim, yorum yapmam zor.",nötr
"Hiç memnun kalmadım, kötü bir deneyimdi.",olumsuz
"Bu ürün gerçekten harika, çok memnun kaldım.",olumlu
"Çok güzel paketlenmişti, teşekkür ederim.",olumlu
"Kargo çok yavaştı, bir daha sipariş vermem.",olumsuz
"Satıcı ilgisizdi, sorun yaşadım.",olumsuz
Ne yazık ki yorum yapacak kadar kullanmadım.,nötr
Fiyatına göre mükemmel bir ürün.,olumlu
"Tam anlatıldığı gibi, çok başarılı.",olumlu
"Kargo hızlıydı, ürün sağlam geldi.",olumlu
"Tam anlatıldığı gibi, çok başarılı.",olumlu
Berbat bir alışverişti.,olumsuz
"Kargo hızlıydı, ürün sağlam geldi.",olumlu
"Param boşa gitti, pişman oldum.",olumsuz
"Beklediğimden bile iyi çıktı, bayıldım!",olumlu
Beklentimi hiç karşılamadı.,olumsuz
"Hiç memnun kalmadım, kötü bir deneyimdi.",olumsuz
"Çok güzel paketlenmişti, teşekkür ederim.",olumlu
"Normal bir ürün, ortalama kalite.",nötr
"Satıcı çok ilgiliydi, teşekkür ederim.",olumlu
"Bu ürün gerçekten harika, çok memnun kaldım.",olumlu
"Bu ürün gerçekten harika, çok memnun kaldım.",olumlu
"Tam anlatıldığı gibi, çok başarılı.",olumlu
"Hiç memnun kalmadım, kötü bir deneyimdi.",olumsuz
"Beklediğimden bile iyi çıktı, bayıldım!",olumlu
"Satıcı ilgisizdi, sorun yaşadım.",olumsuz
"Kalitesiz bir ürün, tavsiye etmiyorum.",olumsuz
"Kargo hızlıydı, ürün sağlam geldi.",olumlu
"Fotoğraftaki gibi değil, yanıltıcı.",olumsuz
"Kararsız kaldım, tekrar alır mıyım bilmiyorum.",nötr
Ne yazık ki yorum yapacak kadar kullanmadım.,nötr
"Süper kalite, gönül rahatlığıyla alın.",olumlu
Fiyatına göre mükemmel bir ürün.,olumlu
"Tam anlatıldığı gibi, çok başarılı.",olumlu
Ne çok memnun oldum ne de pişmanım.,nötr
Beklentimi hiç karşılamadı.,olumsuz
İyi mi kötü mü emin olamadım.,nötr
Ne övülecek kadar iyi ne de kötü.,nötr
"Ürün bozuk geldi, iade ettim.",olumsuz
"Kararsız kaldım, tekrar alır mıyım bilmiyorum.",nötr
"Kargo çok yavaştı, bir daha sipariş vermem.",olumsuz
İyi mi kötü mü emin olamadım.,nötr
"Sıradan bir ürün, dikkat çeken bir yanı yok.",nötr
"Fotoğraftaki gibi değil, yanıltıcı.",olumsuz
"Param boşa gitti, pişman oldum.",olumsuz
Ne çok memnun oldum ne de pişmanım.,nötr
"Süper kalite, gönül rahatlığıyla alın.",olumlu
"Normal bir ürün, ortalama kalite.",nötr
"Beklediğimden bile iyi çıktı, bayıldım!",olumlu
İyi mi kötü mü emin olamadım.,nötr
"Hiç memnun kalmadım, kötü bir deneyimdi.",olumsuz
"Kargo hızlıydı, ürün sağlam geldi.",olumlu
"Ürün idare eder, ne çok iyi ne çok kötü.",nötr
"Sıradan bir ürün, dikkat çeken bir yanı yok.",nötr
"Çok güzel paketlenmişti, teşekkür ederim.",olumlu
"Satıcı çok ilgiliydi, teşekkür ederim.",olumlu
"Satıcı çok ilgiliydi, teşekkür ederim.",olumlu
"Kalitesi çok iyi, herkese tavsiye ederim.",olumlu
"Süper kalite, gönül rahatlığıyla alın.",olumlu
Berbat bir alışverişti.,olumsuz
"Ürünü denemedim, yorum yapmam zor.",nötr
"Tam anlatıldığı gibi, çok başarılı.",olumlu
İyi mi kötü mü emin olamadım.,nötr
"Harika bir alışverişti, tekrar alacağım.",olumlu
"Çok güzel paketlenmişti, teşekkür ederim.",olumlu
"Satıcı çok ilgiliydi, teşekkür ederim.",olumlu
Ne övülecek kadar iyi ne de kötü.,nötr
"Fotoğraftaki gibi değil, yanıltıcı.",olumsuz
"Sıradan bir ürün, dikkat çeken bir yanı yok.",nötr
Ne övülecek kadar iyi ne de kötü.,nötr
"Karmaşık duygular içerisindeyim, bilemedim.",nötr
"Karmaşık duygular içerisindeyim, bilemedim.",nötr
Fiyatına göre mükemmel bir ürün.,olumlu
"Tam anlatıldığı gibi, çok başarılı.",olumlu
"Kalitesiz bir ürün, tavsiye etmiyorum.",olumsuz
"Satıcı çok ilgiliydi, teşekkür ederim.",olumlu
"Hiç memnun kalmadım, kötü bir deneyimdi.",olumsuz
Ne yazık ki yorum yapacak kadar kullanmadım.,nötr
"Kargo çok yavaştı, bir daha sipariş vermem.",olumsuz
"Param boşa gitti, pişman oldum.",olumsuz
"Kargo hızlıydı, ürün sağlam geldi.",olumlu
Ne çok memnun oldum ne de pişmanım.,nötr
"Param boşa gitti, pişman oldum.",olumsuz
"Ürün idare eder, ne çok iyi ne çok kötü.",nötr
"Satıcı ilgisizdi, sorun yaşadım.",olumsuz
Ne övülecek kadar iyi ne de kötü.,nötr
"Satıcı çok ilgiliydi, teşekkür ederim.",olumlu
"Sıradan bir ürün, dikkat çeken bir yanı yok.",nötr
"Sıradan bir ürün, dikkat çeken bir yanı yok.",nötr
"Kalitesiz bir ürün, tavsiye etmiyorum.",olumsuz
"Bu ürün gerçekten harika, çok memnun kaldım.",olumlu
"Tam anlatıldığı gibi, çok başarılı.",olumlu
"Ürün bozuk geldi, iade ettim.",olumsuz
Ne çok memnun oldum ne de pişmanım.,nötr
"Normal bir ürün, ortalama kalite.",nötr
Beklentimi hiç karşılamadı.,olumsuz
"Kargo hızlıydı, ürün sağlam geldi.",olumlu
"Ürün bozuk geldi, iade ettim.",olumsuz
Berbat bir alışverişti.,olumsuz
"Ürünü denemedim, yorum yapmam zor.",nötr
"Normal bir ürün, ortalama kalite.",nötr
"Satıcı çok ilgiliydi, teşekkür ederim.",olumlu
"Beklediğimden bile iyi çıktı, bayıldım!",olumlu
"Harika bir alışverişti, tekrar alacağım.",olumlu
Ne çok memnun oldum ne de pişmanım.,nötr
"Kargo hızlıydı, ürün sağlam geldi.",olumlu
"Satıcı çok ilgiliydi, teşekkür ederim.",olumlu
Ne yazık ki yorum yapacak kadar kullanmadım.,nötr
"Karmaşık duygular içerisindeyim, bilemedim.",nötr
"Kararsız kaldım, tekrar alır mıyım bilmiyorum.",nötr
"Kalitesi çok iyi, herkese tavsiye ederim.",olumlu
"Kargo çok yavaştı, bir daha sipariş vermem.",olumsuz
"Fotoğraftaki gibi değil, yanıltıcı.",olumsuz
Berbat bir alışverişti.,olumsuz
"Kargo hızlıydı, ürün sağlam geldi.",olumlu
Beklentimi hiç karşılamadı.,olumsuz
Berbat bir alışverişti.,olumsuz
"Sıradan bir ürün, dikkat çeken bir yanı yok.",nötr
"Süper kalite, gönül rahatlığıyla alın.",olumlu
Ne övülecek kadar iyi ne de kötü.,nötr
Kullanılmış ürün göndermişler.,olumsuz
"Kalitesi çok iyi, herkese tavsiye ederim.",olumlu
"Satıcı çok ilgiliydi, teşekkür ederim.",olumlu
İyi mi kötü mü emin olamadım.,nötr
"Beklediğimden bile iyi çıktı, bayıldım!",olumlu
Beklentimi hiç karşılamadı.,olumsuz
"Param boşa gitti, pişman oldum.",olumsuz
Berbat bir alışverişti.,olumsuz
"Çok güzel paketlenmişti, teşekkür ederim.",olumlu
"Kargo çok yavaştı, bir daha sipariş vermem.",olumsuz
İyi mi kötü mü emin olamadım.,nötr
"Harika bir alışverişti, tekrar alacağım.",olumlu
İyi mi kötü mü emin olamadım.,nötr
"Kargo hızlıydı, ürün sağlam geldi.",olumlu
"Fotoğraftaki gibi değil, yanıltıcı.",olumsuz
İyi mi kötü mü emin olamadım.,nötr
"Sıradan bir ürün, dikkat çeken bir yanı yok.",nötr
"Sıradan bir ürün, dikkat çeken bir yanı yok.",nötr
Ne yazık ki yorum yapacak kadar kullanmadım.,nötr
"Kararsız kaldım, tekrar alır mıyım bilmiyorum.",nötr
"Kargo çok yavaştı, bir daha sipariş vermem.",olumsuz
"Süper kalite, gönül rahatlığıyla alın.",olumlu
"Satıcı ilgisizdi, sorun yaşadım.",olumsuz
"Kalitesi çok iyi, herkese tavsiye ederim.",olumlu
Berbat bir alışverişti.,olumsuz
"Satıcı ilgisizdi, sorun yaşadım.",olumsuz
"Ürün idare eder, ne çok iyi ne çok kötü.",nötr
"Ürün bozuk geldi, iade ettim.",olumsuz
Ne yazık ki yorum yapacak kadar kullanmadım.,nötr
"Beklediğimden bile iyi çıktı, bayıldım!",olumlu
"Normal bir ürün, ortalama kalite.",nötr
İyi mi kötü mü emin olamadım.,nötr
"Ürünü denemedim, yorum yapmam zor.",nötr
"Ürünü denemedim, yorum yapmam zor.",nötr
Kullanılmış ürün göndermişler.,olumsuz
"Tam anlatıldığı gibi, çok başarılı.",olumlu
"Kalitesi çok iyi, herkese tavsiye ederim.",olumlu
"Çok güzel paketlenmişti, teşekkür ederim.",olumlu
"Sıradan bir ürün, dikkat çeken bir yanı yok.",nötr
Ne çok memnun oldum ne de pişmanım.,nötr
Beklentimi hiç karşılamadı.,olumsuz
"Bu ürün gerçekten harika, çok memnun kaldım.",olumlu
Ne çok memnun oldum ne de pişmanım.,nötr
"Kargo hızlıydı, ürün sağlam geldi.",olumlu
"Kargo çok yavaştı, bir daha sipariş vermem.",olumsuz
"Karmaşık duygular içerisindeyim, bilemedim.",nötr
"Harika bir alışverişti, tekrar alacağım.",olumlu
Fiyatına göre mükemmel bir ürün.,olumlu
"Satıcı çok ilgiliydi, teşekkür ederim.",olumlu
"Kargo hızlıydı, ürün sağlam geldi.",olumlu
Ne övülecek kadar iyi ne de kötü.,nötr
"Kargo hızlıydı, ürün sağlam geldi.",olumlu
"Kalitesi çok iyi, herkese tavsiye ederim.",olumlu
Ne övülecek kadar iyi ne de kötü.,nötr
"Süper kalite, gönül rahatlığıyla alın.",olumlu
Beklentimi hiç karşılamadı.,olumsuz
"Ürün idare eder, ne çok iyi ne çok kötü.",nötr
"Hiç memnun kalmadım, kötü bir deneyimdi.",olumsuz
"Kalitesi çok iyi, herkese tavsiye ederim.",olumlu
"Süper kalite, gönül rahatlığıyla alın.",olumlu
"Beklediğimden bile iyi çıktı, bayıldım!",olumlu
"Bu ürün gerçekten harika, çok memnun kaldım.",olumlu
Berbat bir alışverişti.,olumsuz
İyi mi kötü mü emin olamadım.,nötr
İyi mi kötü mü emin olamadım.,nötr
"Ürünü denemedim, yorum yapmam zor.",nötr
"Kargo çok yavaştı, bir daha sipariş vermem.",olumsuz
"Kalitesiz bir ürün, tavsiye etmiyorum.",olumsuz
"Fotoğraftaki gibi değil, yanıltıcı.",olumsuz
"Param boşa gitti, pişman oldum.",olumsuz
"Kargo çok yavaştı, bir daha sipariş vermem.",olumsuz
Berbat bir alışverişti.,olumsuz
"Kargo hızlıydı, ürün sağlam geldi.",olumlu
"Kalitesi çok iyi, herkese tavsiye ederim.",olumlu
"Kararsız kaldım, tekrar alır mıyım bilmiyorum.",nötr
"Beklediğimden bile iyi çıktı, bayıldım!",olumlu
Fiyatına göre mükemmel bir ürün.,olumlu
"Kargo hızlıydı, ürün sağlam geldi.",olumlu
"Çok güzel paketlenmişti, teşekkür ederim.",olumlu
"Sıradan bir ürün, dikkat çeken bir yanı yok.",nötr
"Karmaşık duygular içerisindeyim, bilemedim.",nötr
Berbat bir alışverişti.,olumsuz
"Süper kalite, gönül rahatlığıyla alın.",olumlu
"Kararsız kaldım, tekrar alır mıyım bilmiyorum.",nötr
"Ürün idare eder, ne çok iyi ne çok kötü.",nötr
"Sıradan bir ürün, dikkat çeken bir yanı yok.",nötr
"Kalitesiz bir ürün, tavsiye etmiyorum.",olumsuz
Ne yazık ki yorum yapacak kadar kullanmadım.,nötr
"Normal bir ürün, ortalama kalite.",nötr
Beklentimi hiç karşılamadı.,olumsuz
"Satıcı ilgisizdi, sorun yaşadım.",olumsuz
İyi mi kötü mü emin olamadım.,nötr
Ne çok memnun oldum ne de pişmanım.,nötr
Berbat bir alışverişti.,olumsuz
"Süper kalite, gönül rahatlığıyla alın.",olumlu
Ne övülecek kadar iyi ne de kötü.,nötr
"Süper kalite, gönül rahatlığıyla alın.",olumlu
"Satıcı ilgisizdi, sorun yaşadım.",olumsuz
"Sıradan bir ürün, dikkat çeken bir yanı yok.",nötr
"Ürünü denemedim, yorum yapmam zor.",nötr
Berbat bir alışverişti.,olumsuz
"Ürün idare eder, ne çok iyi ne çok kötü.",nötr
"Fotoğraftaki gibi değil, yanıltıcı.",olumsuz
"Sıradan bir ürün, dikkat çeken bir yanı yok.",nötr
Ne yazık ki yorum yapacak kadar kullanmadım.,nötr
"Hiç memnun kalmadım, kötü bir deneyimdi.",olumsuz
"Ürün idare eder, ne çok iyi ne çok kötü.",nötr
"Normal bir ürün, ortalama kalite.",nötr
"Kargo çok yavaştı, bir daha sipariş vermem.",olumsuz
Ne övülecek kadar iyi ne de kötü.,nötr
"Sıradan bir ürün, dikkat çeken bir yanı yok.",nötr
"Satıcı ilgisizdi, sorun yaşadım.",olumsuz
"Ürün bozuk geldi, iade ettim.",olumsuz
"Çok güzel paketlenmişti, teşekkür ederim.",olumlu
"Harika bir alışverişti, tekrar alacağım.",olumlu
Ne övülecek kadar iyi ne de kötü.,nötr
"Sıradan bir ürün, dikkat çeken bir yanı yok.",nötr
"Satıcı çok ilgiliydi, teşekkür ederim.",olumlu
"Kalitesiz bir ürün, tavsiye etmiyorum.",olumsuz
"Param boşa gitti, pişman oldum.",olumsuz
Kullanılmış ürün göndermişler.,olumsuz
"Beklediğimden bile iyi çıktı, bayıldım!",olumlu
"Fotoğraftaki gibi değil, yanıltıcı.",olumsuz
"Sıradan bir ürün, dikkat çeken bir yanı yok.",nötr
"Kargo çok yavaştı, bir daha sipariş vermem.",olumsuz
"Süper kalite, gönül rahatlığıyla alın.",olumlu
"Satıcı ilgisizdi, sorun yaşadım.",olumsuz
"Bu ürün gerçekten harika, çok memnun kaldım.",olumlu
"Ürünü denemedim, yorum yapmam zor.",nötr
"Normal bir ürün, ortalama kalite.",nötr
Ne çok memnun oldum ne de pişmanım.,nötr
Berbat bir alışverişti.,olumsuz
Kullanılmış ürün göndermişler.,olumsuz
"Süper kalite, gönül rahatlığıyla alın.",olumlu
"Ürün bozuk geldi, iade ettim.",olumsuz
"Tam anlatıldığı gibi, çok başarılı.",olumlu
"Karmaşık duygular içerisindeyim, bilemedim.",nötr
"Kararsız kaldım, tekrar alır mıyım bilmiyorum.",nötr
"Ürünü denemedim, yorum yapmam zor.",nötr
"Sıradan bir ürün, dikkat çeken bir yanı yok.",nötr
"Satıcı çok ilgiliydi, teşekkür ederim.",olumlu
Berbat bir alışverişti.,olumsuz
Ne yazık ki yorum yapacak kadar kullanmadım.,nötr
Fiyatına göre mükemmel bir ürün.,olumlu
"Param boşa gitti, pişman oldum.",olumsuz
Kullanılmış ürün göndermişler.,olumsuz
"Param boşa gitti, pişman oldum.",olumsuz
"Hiç memnun kalmadım, kötü bir deneyimdi.",olumsuz
Berbat bir alışverişti.,olumsuz
"Satıcı çok ilgiliydi, teşekkür ederim.",olumlu
Ne yazık ki yorum yapacak kadar kullanmadım.,nötr
"Satıcı ilgisizdi, sorun yaşadım.",olumsuz
"Ürün bozuk geldi, iade ettim.",olumsuz
Berbat bir alışverişti.,olumsuz
"Beklediğimden bile iyi çıktı, bayıldım!",olumlu
"Fotoğraftaki gibi değil, yanıltıcı.",olumsuz
"Karmaşık duygular içerisindeyim, bilemedim.",nötr
"Bu ürün gerçekten harika, çok memnun kaldım.",olumlu
Berbat bir alışverişti.,olumsuz
"Ürünü denemedim, yorum yapmam zor.",nötr
"Karmaşık duygular içerisindeyim, bilemedim.",nötr
Beklentimi hiç karşılamadı.,olumsuz
"Karmaşık duygular içerisindeyim, bilemedim.",nötr
Ne övülecek kadar iyi ne de kötü.,nötr
"Çok güzel paketlenmişti, teşekkür ederim.",olumlu
"Param boşa gitti, pişman oldum.",olumsuz
"Karmaşık duygular içerisindeyim, bilemedim.",nötr
Ne övülecek kadar iyi ne de kötü.,nötr
"Kalitesiz bir ürün, tavsiye etmiyorum.",olumsuz
"Tam anlatıldığı gibi, çok başarılı.",olumlu
"Kararsız kaldım, tekrar alır mıyım bilmiyorum.",nötr
"Param boşa gitti, pişman oldum.",olumsuz
"Çok güzel paketlenmişti, teşekkür ederim.",olumlu
Fiyatına göre mükemmel bir ürün.,olumlu
"Karmaşık duygular içerisindeyim, bilemedim.",nötr
"Harika bir alışverişti, tekrar alacağım.",olumlu
"Fotoğraftaki gibi değil, yanıltıcı.",olumsuz
Ne yazık ki yorum yapacak kadar kullanmadım.,nötr
Berbat bir alışverişti.,olumsuz
"Sıradan bir ürün, dikkat çeken bir yanı yok.",nötr
"Fotoğraftaki gibi değil, yanıltıcı.",olumsuz
"Satıcı ilgisizdi, sorun yaşadım.",olumsuz
"Hiç memnun kalmadım, kötü bir deneyimdi.",olumsuz
İyi mi kötü mü emin olamadım.,nötr
"Kalitesiz bir ürün, tavsiye etmiyorum.",olumsuz
"Hiç memnun kalmadım, kötü bir deneyimdi.",olumsuz
"Sıradan bir ürün, dikkat çeken bir yanı yok.",nötr
"Kargo çok yavaştı, bir daha sipariş vermem.",olumsuz
"Satıcı çok ilgiliydi, teşekkür ederim.",olumlu
Beklentimi hiç karşılamadı.,olumsuz
"Hiç memnun kalmadım, kötü bir deneyimdi.",olumsuz
"Tam anlatıldığı gibi, çok başarılı.",olumlu
"Ürünü denemedim, yorum yapmam zor.",nötr
Ne yazık ki yorum yapacak kadar kullanmadım.,nötr
"Bu ürün gerçekten harika, çok memnun kaldım.",olumlu
"Satıcı çok ilgiliydi, teşekkür ederim.",olumlu
Beklentimi hiç karşılamadı.,olumsuz
"Kalitesi çok iyi, herkese tavsiye ederim.",olumlu
"Satıcı ilgisizdi, sorun yaşadım.",olumsuz
"Normal bir ürün, ortalama kalite.",nötr
"Kalitesiz bir ürün, tavsiye etmiyorum.",olumsuz
Fiyatına göre mükemmel bir ürün.,olumlu
Ne yazık ki yorum yapacak kadar kullanmadım.,nötr
"Kalitesiz bir ürün, tavsiye etmiyorum.",olumsuz
"Normal bir ürün, ortalama kalite.",nötr
"Kararsız kaldım, tekrar alır mıyım bilmiyorum.",nötr
"Ürün bozuk geldi, iade ettim.",olumsuz
Ne yazık ki yorum yapacak kadar kullanmadım.,nötr
Kullanılmış ürün göndermişler.,olumsuz
"Normal bir ürün, ortalama kalite.",nötr
Fiyatına göre mükemmel bir ürün.,olumlu
"Param boşa gitti, pişman oldum.",olumsuz
Berbat bir alışverişti.,olumsuz
Berbat bir alışverişti.,olumsuz
"Kalitesiz bir ürün, tavsiye etmiyorum.",olumsuz
"Bu ürün gerçekten harika, çok memnun kaldım.",olumlu
"Normal bir ürün, ortalama kalite.",nötr
"Ürünü denemedim, yorum yapmam zor.",nötr
"Kargo hızlıydı, ürün sağlam geldi.",olumlu
"Normal bir ürün, ortalama kalite.",nötr
Ne övülecek kadar iyi ne de kötü.,nötr
"Kargo hızlıydı, ürün sağlam geldi.",olumlu
"Kargo çok yavaştı, bir daha sipariş vermem.",olumsuz
"Harika bir alışverişti, tekrar alacağım.",olumlu
Berbat bir alışverişti.,olumsuz
"Beklediğimden bile iyi çıktı, bayıldım!",olumlu
İyi mi kötü mü emin olamadım.,nötr
Ne övülecek kadar iyi ne de kötü.,nötr
"Çok güzel paketlenmişti, teşekkür ederim.",olumlu
"Kararsız kaldım, tekrar alır mıyım bilmiyorum.",nötr
"Tam anlatıldığı gibi, çok başarılı.",olumlu
"Kargo hızlıydı, ürün sağlam geldi.",olumlu
"Param boşa gitti, pişman oldum.",olumsuz
"Bu ürün gerçekten harika, çok memnun kaldım.",olumlu
"Normal bir ürün, ortalama kalite.",nötr
"Ürün idare eder, ne çok iyi ne çok kötü.",nötr
"Ürünü denemedim, yorum yapmam zor.",nötr
"Kalitesi çok iyi, herkese tavsiye ederim.",olumlu
"Beklediğimden bile iyi çıktı, bayıldım!",olumlu
Ne yazık ki yorum yapacak kadar kullanmadım.,nötr
"Harika bir alışverişti, tekrar alacağım.",olumlu
"Satıcı ilgisizdi, sorun yaşadım.",olumsuz
"Ürün idare eder, ne çok iyi ne çok kötü.",nötr
"Beklediğimden bile iyi çıktı, bayıldım!",olumlu
"Normal bir ürün, ortalama kalite.",nötr
Berbat bir alışverişti.,olumsuz
"Ürün bozuk geldi, iade ettim.",olumsuz
"Beklediğimden bile iyi çıktı, bayıldım!",olumlu
"Kargo hızlıydı, ürün sağlam geldi.",olumlu
"Çok güzel paketlenmişti, teşekkür ederim.",olumlu
Berbat bir alışverişti.,olumsuz
"Param boşa gitti, pişman oldum.",olumsuz
"Karmaşık duygular içerisindeyim, bilemedim.",nötr
Ne övülecek kadar iyi ne de kötü.,nötr
Ne övülecek kadar iyi ne de kötü.,nötr
"Sıradan bir ürün, dikkat çeken bir yanı yok.",nötr
"Ürün idare eder, ne çok iyi ne çok kötü.",nötr
"Harika bir alışverişti, tekrar alacağım.",olumlu
"Param boşa gitti, pişman oldum.",olumsuz
"Hiç memnun kalmadım, kötü bir deneyimdi.",olumsuz
"Ürün idare eder, ne çok iyi ne çok kötü.",nötr
Ne yazık ki yorum yapacak kadar kullanmadım.,nötr
"Param boşa gitti, pişman oldum.",olumsuz
Berbat bir alışverişti.,olumsuz
"Param boşa gitti, pişman oldum.",olumsuz
"Ürün bozuk geldi, iade ettim.",olumsuz
"Ürün bozuk geldi, iade ettim.",olumsuz
"Kargo çok yavaştı, bir daha sipariş vermem.",olumsuz
"Hiç memnun kalmadım, kötü bir deneyimdi.",olumsuz
"Param boşa gitti, pişman oldum.",olumsuz
"Ürün bozuk geldi, iade ettim.",olumsuz
"Süper kalite, gönül rahatlığıyla alın.",olumlu
"Hiç memnun kalmadım, kötü bir deneyimdi.",olumsuz
"Tam anlatıldığı gibi, çok başarılı.",olumlu
"Ürün bozuk geldi, iade ettim.",olumsuz
Beklentimi hiç karşılamadı.,olumsuz
"Ürün idare eder, ne çok iyi ne çok kötü.",nötr
"Kargo çok yavaştı, bir daha sipariş vermem.",olumsuz
"Satıcı ilgisizdi, sorun yaşadım.",olumsuz
"Ürünü denemedim, yorum yapmam zor.",nötr
"Kararsız kaldım, tekrar alır mıyım bilmiyorum.",nötr
"Bu ürün gerçekten harika, çok memnun kaldım.",olumlu
Berbat bir alışverişti.,olumsuz
"Bu ürün gerçekten harika, çok memnun kaldım.",olumlu
"Kargo çok yavaştı, bir daha sipariş vermem.",olumsuz
"Sıradan bir ürün, dikkat çeken bir yanı yok.",nötr
"Süper kalite, gönül rahatlığıyla alın.",olumlu
"Sıradan bir ürün, dikkat çeken bir yanı yok.",nötr
Ne övülecek kadar iyi ne de kötü.,nötr
Ne çok memnun oldum ne de pişmanım.,nötr
İyi mi kötü mü emin olamadım.,nötr
Ne yazık ki yorum yapacak kadar kullanmadım.,nötr
"Tam anlatıldığı gibi, çok başarılı.",olumlu
"Kargo hızlıydı, ürün sağlam geldi.",olumlu
Ne övülecek kadar iyi ne de kötü.,nötr
Ne övülecek kadar iyi ne de kötü.,nötr
"Kalitesiz bir ürün, tavsiye etmiyorum.",olumsuz
"Tam anlatıldığı gibi, çok başarılı.",olumlu
"Bu ürün gerçekten harika, çok memnun kaldım.",olumlu
"Satıcı ilgisizdi, sorun yaşadım.",olumsuz
"Satıcı ilgisizdi, sorun yaşadım.",olumsuz
İyi mi kötü mü emin olamadım.,nötr
"Tam anlatıldığı gibi, çok başarılı.",olumlu
"Çok güzel paketlenmişti, teşekkür ederim.",olumlu
Ne övülecek kadar iyi ne de kötü.,nötr
"Ürünü denemedim, yorum yapmam zor.",nötr
Kullanılmış ürün göndermişler.,olumsuz
Ne çok memnun oldum ne de pişmanım.,nötr
Ne yazık ki yorum yapacak kadar kullanmadım.,nötr
"Ürünü denemedim, yorum yapmam zor.",nötr
Berbat bir alışverişti.,olumsuz
İyi mi kötü mü emin olamadım.,nötr
"Sıradan bir ürün, dikkat çeken bir yanı yok.",nötr
"Bu ürün gerçekten harika, çok memnun kaldım.",olumlu
"Çok güzel paketlenmişti, teşekkür ederim.",olumlu
"Kararsız kaldım, tekrar alır mıyım bilmiyorum.",nötr
"Hiç memnun kalmadım, kötü bir deneyimdi.",olumsuz
Kullanılmış ürün göndermişler.,olumsuz
"Çok güzel paketlenmişti, teşekkür ederim.",olumlu
"Satıcı çok ilgiliydi, teşekkür ederim.",olumlu
İyi mi kötü mü emin olamadım.,nötr
"Param boşa gitti, pişman oldum.",olumsuz
"Beklediğimden bile iyi çıktı, bayıldım!",olumlu
Ne yazık ki yorum yapacak kadar kullanmadım.,nötr
Ne övülecek kadar iyi ne de kötü.,nötr
Berbat bir alışverişti.,olumsuz
"Param boşa gitti, pişman oldum.",olumsuz
"Normal bir ürün, ortalama kalite.",nötr
"Kalitesiz bir ürün, tavsiye etmiyorum.",olumsuz
"Harika bir alışverişti, tekrar alacağım.",olumlu
"Ürün bozuk geldi, iade ettim.",olumsuz
"Ürünü denemedim, yorum yapmam zor.",nötr
İyi mi kötü mü emin olamadım.,nötr
"Kararsız kaldım, tekrar alır mıyım bilmiyorum.",nötr
Ne çok memnun oldum ne de pişmanım.,nötr
"Satıcı çok ilgiliydi, teşekkür ederim.",olumlu
"Sıradan bir ürün, dikkat çeken bir yanı yok.",nötr
"Normal bir ürün, ortalama kalite.",nötr
"Normal bir ürün, ortalama kalite.",nötr
"Kararsız kaldım, tekrar alır mıyım bilmiyorum.",nötr
"Karmaşık duygular içerisindeyim, bilemedim.",nötr
"Satıcı ilgisizdi, sorun yaşadım.",olumsuz
"Bu ürün gerçekten harika, çok memnun kaldım.",olumlu
"Kalitesiz bir ürün, tavsiye etmiyorum.",olumsuz
"Kalitesiz bir ürün, tavsiye etmiyorum.",olumsuz
"Kargo hızlıydı, ürün sağlam geldi.",olumlu
İyi mi kötü mü emin olamadım.,nötr
"Kargo hızlıydı, ürün sağlam geldi.",olumlu
"Normal bir ürün, ortalama kalite.",nötr
Beklentimi hiç karşılamadı.,olumsuz
"Ürünü denemedim, yorum yapmam zor.",nötr
"Harika bir alışverişti, tekrar alacağım.",olumlu
"Kargo çok yavaştı, bir daha sipariş vermem.",olumsuz
"Tam anlatıldığı gibi, çok başarılı.",olumlu
"Kargo çok yavaştı, bir daha sipariş vermem.",olumsuz
"Kararsız kaldım, tekrar alır mıyım bilmiyorum.",nötr
"Kararsız kaldım, tekrar alır mıyım bilmiyorum.",nötr
"Tam anlatıldığı gibi, çok başarılı.",olumlu
"Hiç memnun kalmadım, kötü bir deneyimdi.",olumsuz
Beklentimi hiç karşılamadı.,olumsuz
"Param boşa gitti, pişman oldum.",olumsuz
"Harika bir alışverişti, tekrar alacağım.",olumlu
"Hiç memnun kalmadım, kötü bir deneyimdi.",olumsuz
"Ürün bozuk geldi, iade ettim.",olumsuz
"Kararsız kaldım, tekrar alır mıyım bilmiyorum.",nötr
"Normal bir ürün, ortalama kalite.",nötr
"Param boşa gitti, pişman oldum.",olumsuz
Beklentimi hiç karşılamadı.,olumsuz
Kullanılmış ürün göndermişler.,olumsuz
"Kalitesiz bir ürün, tavsiye etmiyorum.",olumsuz
"Sıradan bir ürün, dikkat çeken bir yanı yok.",nötr
Ne övülecek kadar iyi ne de kötü.,nötr
"Kararsız kaldım, tekrar alır mıyım bilmiyorum.",nötr
"Satıcı çok ilgiliydi, teşekkür ederim.",olumlu
"Satıcı ilgisizdi, sorun yaşadım.",olumsuz
"Fotoğraftaki gibi değil, yanıltıcı.",olumsuz
"Kalitesiz bir ürün, tavsiye etmiyorum.",olumsuz
"Harika bir alışverişti, tekrar alacağım.",olumlu
"Bu ürün gerçekten harika, çok memnun kaldım.",olumlu
Kullanılmış ürün göndermişler.,olumsuz
"Bu ürün gerçekten harika, çok memnun kaldım.",olumlu
"Satıcı çok ilgiliydi, teşekkür ederim.",olumlu
"Satıcı çok ilgiliydi, teşekkür ederim.",olumlu
"Ürünü denemedim, yorum yapmam zor.",nötr
"Ürün idare eder, ne çok iyi ne çok kötü.",nötr
"Ürün idare eder, ne çok iyi ne çok kötü.",nötr
"Kargo hızlıydı, ürün sağlam geldi.",olumlu
"Çok güzel paketlenmişti, teşekkür ederim.",olumlu
Fiyatına göre mükemmel bir ürün.,olumlu
Berbat bir alışverişti.,olumsuz
Berbat bir alışverişti.,olumsuz
"Fotoğraftaki gibi değil, yanıltıcı.",olumsuz
"Fotoğraftaki gibi değil, yanıltıcı.",olumsuz
"Kalitesi çok iyi, herkese tavsiye ederim.",olumlu
"Kargo çok yavaştı, bir daha sipariş vermem.",olumsuz
Ne çok memnun oldum ne de pişmanım.,nötr
"Kararsız kaldım, tekrar alır mıyım bilmiyorum.",nötr
"Ürünü denemedim, yorum yapmam zor.",nötr
İyi mi kötü mü emin olamadım.,nötr
Kullanılmış ürün göndermişler.,olumsuz
"Karmaşık duygular içerisindeyim, bilemedim.",nötr
İyi mi kötü mü emin olamadım.,nötr
Ne övülecek kadar iyi ne de kötü.,nötr
Fiyatına göre mükemmel bir ürün.,olumlu
Fiyatına göre mükemmel bir ürün.,olumlu
"Bu ürün gerçekten harika, çok memnun kaldım.",olumlu
"Kargo çok yavaştı, bir daha sipariş vermem.",olumsuz
"Ürün bozuk geldi, iade ettim.",olumsuz
"Kalitesi çok iyi, herkese tavsiye ederim.",olumlu
"Tam anlatıldığı gibi, çok başarılı.",olumlu
"Fotoğraftaki gibi değil, yanıltıcı.",olumsuz
"Karmaşık duygular içerisindeyim, bilemedim.",nötr
"Kargo çok yavaştı, bir daha sipariş vermem.",olumsuz
"Bu ürün gerçekten harika, çok memnun kaldım.",olumlu
İyi mi kötü mü emin olamadım.,nötr
Ne övülecek kadar iyi ne de kötü.,nötr
"Kararsız kaldım, tekrar alır mıyım bilmiyorum.",nötr
"Param boşa gitti, pişman oldum.",olumsuz
"Çok güzel paketlenmişti, teşekkür ederim.",olumlu
"Karmaşık duygular içerisindeyim, bilemedim.",nötr
"Çok güzel paketlenmişti, teşekkür ederim.",olumlu
"Tam anlatıldığı gibi, çok başarılı.",olumlu
"Kalitesi çok iyi, herkese tavsiye ederim.",olumlu
"Tam anlatıldığı gibi, çok başarılı.",olumlu
"Kalitesiz bir ürün, tavsiye etmiyorum.",olumsuz
İyi mi kötü mü emin olamadım.,nötr
"Satıcı ilgisizdi, sorun yaşadım.",olumsuz
İyi mi kötü mü emin olamadım.,nötr
Ne yazık ki yorum yapacak kadar kullanmadım.,nötr
"Süper kalite, gönül rahatlığıyla alın.",olumlu
Berbat bir alışverişti.,olumsuz
İyi mi kötü mü emin olamadım.,nötr
Kullanılmış ürün göndermişler.,olumsuz
"Sıradan bir ürün, dikkat çeken bir yanı yok.",nötr
"Kalitesi çok iyi, herkese tavsiye ederim.",olumlu
"Param boşa gitti, pişman oldum.",olumsuz
"Kargo hızlıydı, ürün sağlam geldi.",olumlu
"Ürün bozuk geldi, iade ettim.",olumsuz
"Hiç memnun kalmadım, kötü bir deneyimdi.",olumsuz
"Ürün idare eder, ne çok iyi ne çok kötü.",nötr
"Harika bir alışverişti, tekrar alacağım.",olumlu
"Satıcı ilgisizdi, sorun yaşadım.",olumsuz
Berbat bir alışverişti.,olumsuz
"Kargo çok yavaştı, bir daha sipariş vermem.",olumsuz
"Kalitesi çok iyi, herkese tavsiye ederim.",olumlu
"Çok güzel paketlenmişti, teşekkür ederim.",olumlu
"Satıcı ilgisizdi, sorun yaşadım.",olumsuz
"Kalitesiz bir ürün, tavsiye etmiyorum.",olumsuz
"Fotoğraftaki gibi değil, yanıltıcı.",olumsuz
Ne yazık ki yorum yapacak kadar kullanmadım.,nötr
Ne yazık ki yorum yapacak kadar kullanmadım.,nötr
"Param boşa gitti, pişman oldum.",olumsuz
"Karmaşık duygular içerisindeyim, bilemedim.",nötr
"Beklediğimden bile iyi çıktı, bayıldım!",olumlu
"Kargo çok yavaştı, bir daha sipariş vermem.",olumsuz
"Kalitesiz bir ürün, tavsiye etmiyorum.",olumsuz
"Bu ürün gerçekten harika, çok memnun kaldım.",olumlu
"Kargo hızlıydı, ürün sağlam geldi.",olumlu
"Normal bir ürün, ortalama kalite.",nötr
Berbat bir alışverişti.,olumsuz
"Süper kalite, gönül rahatlığıyla alın.",olumlu
Kullanılmış ürün göndermişler.,olumsuz
"Kargo hızlıydı, ürün sağlam geldi.",olumlu
"Satıcı ilgisizdi, sorun yaşadım.",olumsuz
"Kargo çok yavaştı, bir daha sipariş vermem.",olumsuz
"Bu ürün gerçekten harika, çok memnun kaldım.",olumlu
"Sıradan bir ürün, dikkat çeken bir yanı yok.",nötr
Ne yazık ki yorum yapacak kadar kullanmadım.,nötr
"Kargo hızlıydı, ürün sağlam geldi.",olumlu
"Süper kalite, gönül rahatlığıyla alın.",olumlu
Ne yazık ki yorum yapacak kadar kullanmadım.,nötr
"Çok güzel paketlenmişti, teşekkür ederim.",olumlu
Beklentimi hiç karşılamadı.,olumsuz
"Kargo hızlıydı, ürün sağlam geldi.",olumlu
Kullanılmış ürün göndermişler.,olumsuz
"Hiç memnun kalmadım, kötü bir deneyimdi.",olumsuz
"Bu ürün gerçekten harika, çok memnun kaldım.",olumlu
Berbat bir alışverişti.,olumsuz
Ne övülecek kadar iyi ne de kötü.,nötr
"Hiç memnun kalmadım, kötü bir deneyimdi.",olumsuz
"Hiç memnun kalmadım, kötü bir deneyimdi.",olumsuz
"Karmaşık duygular içerisindeyim, bilemedim.",nötr
"Kalitesi çok iyi, herkese tavsiye ederim.",olumlu
"Satıcı ilgisizdi, sorun yaşadım.",olumsuz
"Sıradan bir ürün, dikkat çeken bir yanı yok.",nötr
"Hiç memnun kalmadım, kötü bir deneyimdi.",olumsuz
"Karmaşık duygular içerisindeyim, bilemedim.",nötr
Ne çok memnun oldum ne de pişmanım.,nötr
"Normal bir ürün, ortalama kalite.",nötr
"Kalitesi çok iyi, herkese tavsiye ederim.",olumlu
Ne övülecek kadar iyi ne de kötü.,nötr
"Beklediğimden bile iyi çıktı, bayıldım!",olumlu
"Beklediğimden bile iyi çıktı, bayıldım!",olumlu
"Harika bir alışverişti, tekrar alacağım.",olumlu
"Bu ürün gerçekten harika, çok memnun kaldım.",olumlu
"Ürünü denemedim, yorum yapmam zor.",nötr
"Beklediğimden bile iyi çıktı, bayıldım!",olumlu
Ne yazık ki yorum yapacak kadar kullanmadım.,nötr
İyi mi kötü mü emin olamadım.,nötr
"Karmaşık duygular içerisindeyim, bilemedim.",nötr
"Kargo hızlıydı, ürün sağlam geldi.",olumlu
"Param boşa gitti, pişman oldum.",olumsuz
"Satıcı ilgisizdi, sorun yaşadım.",olumsuz
"Kalitesiz bir ürün, tavsiye etmiyorum.",olumsuz
"Satıcı çok ilgiliydi, teşekkür ederim.",olumlu
"Tam anlatıldığı gibi, çok başarılı.",olumlu
"Param boşa gitti, pişman oldum.",olumsuz
Beklentimi hiç karşılamadı.,olumsuz
Beklentimi hiç karşılamadı.,olumsuz
"Param boşa gitti, pişman oldum.",olumsuz
"Satıcı ilgisizdi, sorun yaşadım.",olumsuz
"Bu ürün gerçekten harika, çok memnun kaldım.",olumlu
Beklentimi hiç karşılamadı.,olumsuz
"Çok güzel paketlenmişti, teşekkür ederim.",olumlu
"Ürünü denemedim, yorum yapmam zor.",nötr
"Süper kalite, gönül rahatlığıyla alın.",olumlu
"Kalitesi çok iyi, herkese tavsiye ederim.",olumlu
"Normal bir ürün, ortalama kalite.",nötr
Kullanılmış ürün göndermişler.,olumsuz
Ne övülecek kadar iyi ne de kötü.,nötr
"Satıcı çok ilgiliydi, teşekkür ederim.",olumlu
"Hiç memnun kalmadım, kötü bir deneyimdi.",olumsuz
"Kalitesiz bir ürün, tavsiye etmiyorum.",olumsuz
"Fotoğraftaki gibi değil, yanıltıcı.",olumsuz
Ne yazık ki yorum yapacak kadar kullanmadım.,nötr
"Karmaşık duygular içerisindeyim, bilemedim.",nötr
"Ürün idare eder, ne çok iyi ne çok kötü.",nötr
"Süper kalite, gönül rahatlığıyla alın.",olumlu
Kullanılmış ürün göndermişler.,olumsuz
Kullanılmış ürün göndermişler.,olumsuz
"Çok güzel paketlenmişti, teşekkür ederim.",olumlu
"Harika bir alışverişti, tekrar alacağım.",olumlu
"Tam anlatıldığı gibi, çok başarılı.",olumlu
"Kararsız kaldım, tekrar alır mıyım bilmiyorum.",nötr
"Harika bir alışverişti, tekrar alacağım.",olumlu
"Bu ürün gerçekten harika, çok memnun kaldım.",olumlu
"Ürün idare eder, ne çok iyi ne çok kötü.",nötr
"Hiç memnun kalmadım, kötü bir deneyimdi.",olumsuz
"Kararsız kaldım, tekrar alır mıyım bilmiyorum.",nötr
"Karmaşık duygular içerisindeyim, bilemedim.",nötr
Kullanılmış ürün göndermişler.,olumsuz
Ne yazık ki yorum yapacak kadar kullanmadım.,nötr
"Hiç memnun kalmadım, kötü bir deneyimdi.",olumsuz
"Kalitesi çok iyi, herkese tavsiye ederim.",olumlu
"Satıcı ilgisizdi, sorun yaşadım.",olumsuz
"Bu ürün gerçekten harika, çok memnun kaldım.",olumlu
"Bu ürün gerçekten harika, çok memnun kaldım.",olumlu
Fiyatına göre mükemmel bir ürün.,olumlu
Beklentimi hiç karşılamadı.,olumsuz
"Fotoğraftaki gibi değil, yanıltıcı.",olumsuz
"Satıcı çok ilgiliydi, teşekkür ederim.",olumlu
"Kargo hızlıydı, ürün sağlam geldi.",olumlu
İyi mi kötü mü emin olamadım.,nötr
"Kargo hızlıydı, ürün sağlam geldi.",olumlu
Kullanılmış ürün göndermişler.,olumsuz
"Kargo çok yavaştı, bir daha sipariş vermem.",olumsuz
"Harika bir alışverişti, tekrar alacağım.",olumlu
Kullanılmış ürün göndermişler.,olumsuz
"Süper kalite, gönül rahatlığıyla alın.",olumlu
"Süper kalite, gönül rahatlığıyla alın.",olumlu
"Kargo çok yavaştı, bir daha sipariş vermem.",olumsuz
Ne çok memnun oldum ne de pişmanım.,nötr
Beklentimi hiç karşılamadı.,olumsuz
"Tam anlatıldığı gibi, çok başarılı.",olumlu
Ne çok memnun oldum ne de pişmanım.,nötr
"Bu ürün gerçekten harika, çok memnun kaldım.",olumlu
"Satıcı çok ilgiliydi, teşekkür ederim.",olumlu
"Çok güzel paketlenmişti, teşekkür ederim.",olumlu
"Karmaşık duygular içerisindeyim, bilemedim.",nötr
"Satıcı çok ilgiliydi, teşekkür ederim.",olumlu
"Beklediğimden bile iyi çıktı, bayıldım!",olumlu
"Param boşa gitti, pişman oldum.",olumsuz
Ne çok memnun oldum ne de pişmanım.,nötr
"Ürün idare eder, ne çok iyi ne çok kötü.",nötr
İyi mi kötü mü emin olamadım.,nötr
Kullanılmış ürün göndermişler.,olumsuz
"Beklediğimden bile iyi çıktı, bayıldım!",olumlu
"Kalitesi çok iyi, herkese tavsiye ederim.",olumlu
Fiyatına göre mükemmel bir ürün.,olumlu
"Süper kalite, gönül rahatlığıyla alın.",olumlu
Ne yazık ki yorum yapacak kadar kullanmadım.,nötr
Fiyatına göre mükemmel bir ürün.,olumlu
"Fotoğraftaki gibi değil, yanıltıcı.",olumsuz
"Harika bir alışverişti, tekrar alacağım.",olumlu
"Kalitesiz bir ürün, tavsiye etmiyorum.",olumsuz
"Kalitesi çok iyi, herkese tavsiye ederim.",olumlu
"Kalitesiz bir ürün, tavsiye etmiyorum.",olumsuz
"Ürün bozuk geldi, iade ettim.",olumsuz
"Tam anlatıldığı gibi, çok başarılı.",olumlu
"Hiç memnun kalmadım, kötü bir deneyimdi.",olumsuz
"Tam anlatıldığı gibi, çok başarılı.",olumlu
Ne övülecek kadar iyi ne de kötü.,nötr
Ne çok memnun oldum ne de pişmanım.,nötr
Beklentimi hiç karşılamadı.,olumsuz
"Satıcı çok ilgiliydi, teşekkür ederim.",olumlu
Ne yazık ki yorum yapacak kadar kullanmadım.,nötr
Ne övülecek kadar iyi ne de kötü.,nötr
"Ürünü denemedim, yorum yapmam zor.",nötr
Kullanılmış ürün göndermişler.,olumsuz
"Beklediğimden bile iyi çıktı, bayıldım!",olumlu
"Sıradan bir ürün, dikkat çeken bir yanı yok.",nötr
"Bu ürün gerçekten harika, çok memnun kaldım.",olumlu
Beklentimi hiç karşılamadı.,olumsuz
"Süper kalite, gönül rahatlığıyla alın.",olumlu
Kullanılmış ürün göndermişler.,olumsuz
"Fotoğraftaki gibi değil, yanıltıcı.",olumsuz
Kullanılmış ürün göndermişler.,olumsuz
"Normal bir ürün, ortalama kalite.",nötr
"Kararsız kaldım, tekrar alır mıyım bilmiyorum.",nötr
"Harika bir alışverişti, tekrar alacağım.",olumlu
"Karmaşık duygular içerisindeyim, bilemedim.",nötr
Kullanılmış ürün göndermişler.,olumsuz
"Param boşa gitti, pişman oldum.",olumsuz
"Bu ürün gerçekten harika, çok memnun kaldım.",olumlu
"Harika bir alışverişti, tekrar alacağım.",olumlu
"Kararsız kaldım, tekrar alır mıyım bilmiyorum.",nötr
"Hiç memnun kalmadım, kötü bir deneyimdi.",olumsuz
"Kalitesi çok iyi, herkese tavsiye ederim.",olumlu
Ne övülecek kadar iyi ne de kötü.,nötr
"Satıcı ilgisizdi, sorun yaşadım.",olumsuz
"Karmaşık duygular içerisindeyim, bilemedim.",nötr
"Kalitesi çok iyi, herkese tavsiye ederim.",olumlu
Ne övülecek kadar iyi ne de kötü.,nötr
"Ürünü denemedim, yorum yapmam zor.",nötr
"Harika bir alışverişti, tekrar alacağım.",olumlu
"Normal bir ürün, ortalama kalite.",nötr
"Param boşa gitti, pişman oldum.",olumsuz
Beklentimi hiç karşılamadı.,olumsuz
"Satıcı ilgisizdi, sorun yaşadım.",olumsuz
Ne çok memnun oldum ne de pişmanım.,nötr
"Kalitesiz bir ürün, tavsiye etmiyorum.",olumsuz
"Tam anlatıldığı gibi, çok başarılı.",olumlu
"Kararsız kaldım, tekrar alır mıyım bilmiyorum.",nötr
"Karmaşık duygular içerisindeyim, bilemedim.",nötr
"Kargo çok yavaştı, bir daha sipariş vermem.",olumsuz
"Tam anlatıldığı gibi, çok başarılı.",olumlu
Berbat bir alışverişti.,olumsuz
Ne çok memnun oldum ne de pişmanım.,nötr
"Satıcı çok ilgiliydi, teşekkür ederim.",olumlu
"Ürünü denemedim, yorum yapmam zor.",nötr
"Süper kalite, gönül rahatlığıyla alın.",olumlu
"Ürün idare eder, ne çok iyi ne çok kötü.",nötr
Ne övülecek kadar iyi ne de kötü.,nötr
"Süper kalite, gönül rahatlığıyla alın.",olumlu
"Bu ürün gerçekten harika, çok memnun kaldım.",olumlu
Ne çok memnun oldum ne de pişmanım.,nötr
"Beklediğimden bile iyi çıktı, bayıldım!",olumlu
"Bu ürün gerçekten harika, çok memnun kaldım.",olumlu
"Hiç memnun kalmadım, kötü bir deneyimdi.",olumsuz
"Ürün idare eder, ne çok iyi ne çok kötü.",nötr
"Harika bir alışverişti, tekrar alacağım.",olumlu
Beklentimi hiç karşılamadı.,olumsuz
Ne çok memnun oldum ne de pişmanım.,nötr
"Kargo hızlıydı, ürün sağlam geldi.",olumlu
Berbat bir alışverişti.,olumsuz
"Normal bir ürün, ortalama kalite.",nötr
"Tam anlatıldığı gibi, çok başarılı.",olumlu
"Bu ürün gerçekten harika, çok memnun kaldım.",olumlu
"Çok güzel paketlenmişti, teşekkür ederim.",olumlu
"Kalitesi çok iyi, herkese tavsiye ederim.",olumlu
"Ürünü denemedim, yorum yapmam zor.",nötr
"Ürün bozuk geldi, iade ettim.",olumsuz
"Param boşa gitti, pişman oldum.",olumsuz
Ne yazık ki yorum yapacak kadar kullanmadım.,nötr
"Karmaşık duygular içerisindeyim, bilemedim.",nötr
"Süper kalite, gönül rahatlığıyla alın.",olumlu
"Normal bir ürün, ortalama kalite.",nötr
"Kararsız kaldım, tekrar alır mıyım bilmiyorum.",nötr
"Hiç memnun kalmadım, kötü bir deneyimdi.",olumsuz
Ne çok memnun oldum ne de pişmanım.,nötr
"Kalitesi çok iyi, herkese tavsiye ederim.",olumlu
"Kargo hızlıydı, ürün sağlam geldi.",olumlu
"Beklediğimden bile iyi çıktı, bayıldım!",olumlu
"Kargo hızlıydı, ürün sağlam geldi.",olumlu
"Kalitesi çok iyi, herkese tavsiye ederim.",olumlu
"Satıcı çok ilgiliydi, teşekkür ederim.",olumlu
Kullanılmış ürün göndermişler.,olumsuz
"Sıradan bir ürün, dikkat çeken bir yanı yok.",nötr
Berbat bir alışverişti.,olumsuz
Beklentimi hiç karşılamadı.,olumsuz
"Fotoğraftaki gibi değil, yanıltıcı.",olumsuz
Ne çok memnun oldum ne de pişmanım.,nötr
Fiyatına göre mükemmel bir ürün.,olumlu
"Kararsız kaldım, tekrar alır mıyım bilmiyorum.",nötr
"Sıradan bir ürün, dikkat çeken bir yanı yok.",nötr
İyi mi kötü mü emin olamadım.,nötr
"Param boşa gitti, pişman oldum.",olumsuz
"Param boşa gitti, pişman oldum.",olumsuz
"Kargo hızlıydı, ürün sağlam geldi.",olumlu
"Satıcı ilgisizdi, sorun yaşadım.",olumsuz
"Bu ürün gerçekten harika, çok memnun kaldım.",olumlu
Fiyatına göre mükemmel bir ürün.,olumlu
Berbat bir alışverişti.,olumsuz
"Karmaşık duygular içerisindeyim, bilemedim.",nötr
"Beklediğimden bile iyi çıktı, bayıldım!",olumlu
"Ürünü denemedim, yorum yapmam zor.",nötr
"Bu ürün gerçekten harika, çok memnun kaldım.",olumlu
"Kargo hızlıydı, ürün sağlam geldi.",olumlu
"Kalitesi çok iyi, herkese tavsiye ederim.",olumlu
Beklentimi hiç karşılamadı.,olumsuz
"Normal bir ürün, ortalama kalite.",nötr
"Satıcı çok ilgiliydi, teşekkür ederim.",olumlu
"Süper kalite, gönül rahatlığıyla alın.",olumlu
"Satıcı ilgisizdi, sorun yaşadım.",olumsuz
"Fotoğraftaki gibi değil, yanıltıcı.",olumsuz
Kullanılmış ürün göndermişler.,olumsuz
"Ürünü denemedim, yorum yapmam zor.",nötr
"Kararsız kaldım, tekrar alır mıyım bilmiyorum.",nötr
"Tam anlatıldığı gibi, çok başarılı.",olumlu
Beklentimi hiç karşılamadı.,olumsuz
"Kalitesi çok iyi, herkese tavsiye ederim.",olumlu
"Harika bir alışverişti, tekrar alacağım.",olumlu
"Ürün idare eder, ne çok iyi ne çok kötü.",nötr
"Beklediğimden bile iyi çıktı, bayıldım!",olumlu
Kullanılmış ürün göndermişler.,olumsuz
"Ürünü denemedim, yorum yapmam zor.",nötr
"Hiç memnun kalmadım, kötü bir deneyimdi.",olumsuz
"Bu ürün gerçekten harika, çok memnun kaldım.",olumlu
"Param boşa gitti, pişman oldum.",olumsuz
"Çok güzel paketlenmişti, teşekkür ederim.",olumlu
"Tam anlatıldığı gibi, çok başarılı.",olumlu
"Fotoğraftaki gibi değil, yanıltıcı.",olumsuz
"Beklediğimden bile iyi çıktı, bayıldım!",olumlu
Berbat bir alışverişti.,olumsuz
"Ürünü denemedim, yorum yapmam zor.",nötr
Fiyatına göre mükemmel bir ürün.,olumlu
"Kalitesi çok iyi, herkese tavsiye ederim.",olumlu
İyi mi kötü mü emin olamadım.,nötr
Ne övülecek kadar iyi ne de kötü.,nötr
Ne çok memnun oldum ne de pişmanım.,nötr
Fiyatına göre mükemmel bir ürün.,olumlu
"Satıcı ilgisizdi, sorun yaşadım.",olumsuz
"Kargo çok yavaştı, bir daha sipariş vermem.",olumsuz
"Tam anlatıldığı gibi, çok başarılı.",olumlu
"Kargo çok yavaştı, bir daha sipariş vermem.",olumsuz
"Çok güzel paketlenmişti, teşekkür ederim.",olumlu
"Param boşa gitti, pişman oldum.",olumsuz
Kullanılmış ürün göndermişler.,olumsuz
"Ürün bozuk geldi, iade ettim.",olumsuz
"Kargo hızlıydı, ürün sağlam geldi.",olumlu
"Kalitesi çok iyi, herkese tavsiye ederim.",olumlu
Fiyatına göre mükemmel bir ürün.,olumlu
İyi mi kötü mü emin olamadım.,nötr
"Kargo çok yavaştı, bir daha sipariş vermem.",olumsuz
"Bu ürün gerçekten harika, çok memnun kaldım.",olumlu
Ne övülecek kadar iyi ne de kötü.,nötr
"Fotoğraftaki gibi değil, yanıltıcı.",olumsuz
"Normal bir ürün, ortalama kalite.",nötr
"Kalitesiz bir ürün, tavsiye etmiyorum.",olumsuz
"Satıcı ilgisizdi, sorun yaşadım.",olumsuz
"Satıcı çok ilgiliydi, teşekkür ederim.",olumlu
"Harika bir alışverişti, tekrar alacağım.",olumlu
"Beklediğimden bile iyi çıktı, bayıldım!",olumlu
"Hiç memnun kalmadım, kötü bir deneyimdi.",olumsuz
Ne övülecek kadar iyi ne de kötü.,nötr
"Karmaşık duygular içerisindeyim, bilemedim.",nötr
Ne övülecek kadar iyi ne de kötü.,nötr
"Sıradan bir ürün, dikkat çeken bir yanı yok.",nötr
"Harika bir alışverişti, tekrar alacağım.",olumlu
"Karmaşık duygular içerisindeyim, bilemedim.",nötr
"Beklediğimden bile iyi çıktı, bayıldım!",olumlu
"Kalitesi çok iyi, herkese tavsiye ederim.",olumlu
"Normal bir ürün, ortalama kalite.",nötr
"Ürün bozuk geldi, iade ettim.",olumsuz
"Ürün bozuk geldi, iade ettim.",olumsuz
Ne çok memnun oldum ne de pişmanım.,nötr
"Sıradan bir ürün, dikkat çeken bir yanı yok.",nötr
"Bu ürün gerçekten harika, çok memnun kaldım.",olumlu
"Kararsız kaldım, tekrar alır mıyım bilmiyorum.",nötr
Ne yazık ki yorum yapacak kadar kullanmadım.,nötr
"Çok güzel paketlenmişti, teşekkür ederim.",olumlu
"Ürünü denemedim, yorum yapmam zor.",nötr
"Süper kalite, gönül rahatlığıyla alın.",olumlu
"Param boşa gitti, pişman oldum.",olumsuz
"Normal bir ürün, ortalama kalite.",nötr
"Ürün bozuk geldi, iade ettim.",olumsuz
"Beklediğimden bile iyi çıktı, bayıldım!",olumlu
"Kalitesi çok iyi, herkese tavsiye ederim.",olumlu
Berbat bir alışverişti.,olumsuz
"Ürünü denemedim, yorum yapmam zor.",nötr
Beklentimi hiç karşılamadı.,olumsuz
"Tam anlatıldığı gibi, çok başarılı.",olumlu
"Bu ürün gerçekten harika, çok memnun kaldım.",olumlu
Berbat bir alışverişti.,olumsuz
Ne yazık ki yorum yapacak kadar kullanmadım.,nötr
"Sıradan bir ürün, dikkat çeken bir yanı yok.",nötr
"Hiç memnun kalmadım, kötü bir deneyimdi.",olumsuz
"Fotoğraftaki gibi değil, yanıltıcı.",olumsuz
"Beklediğimden bile iyi çıktı, bayıldım!",olumlu
Beklentimi hiç karşılamadı.,olumsuz
"Kararsız kaldım, tekrar alır mıyım bilmiyorum.",nötr
"Ürün idare eder, ne çok iyi ne çok kötü.",nötr
"Satıcı ilgisizdi, sorun yaşadım.",olumsuz
"Beklediğimden bile iyi çıktı, bayıldım!",olumlu
"Süper kalite, gönül rahatlığıyla alın.",olumlu
İyi mi kötü mü emin olamadım.,nötr
"Süper kalite, gönül rahatlığıyla alın.",olumlu
"Normal bir ürün, ortalama kalite.",nötr
Beklentimi hiç karşılamadı.,olumsuz
"Ürün idare eder, ne çok iyi ne çok kötü.",nötr
Kullanılmış ürün göndermişler.,olumsuz
"Kalitesiz bir ürün, tavsiye etmiyorum.",olumsuz
"Beklediğimden bile iyi çıktı, bayıldım!",olumlu
"Harika bir alışverişti, tekrar alacağım.",olumlu
"Normal bir ürün, ortalama kalite.",nötr
"Kalitesi çok iyi, herkese tavsiye ederim.",olumlu
Ne çok memnun oldum ne de pişmanım.,nötr
"Sıradan bir ürün, dikkat çeken bir yanı yok.",nötr
"Süper kalite, gönül rahatlığıyla alın.",olumlu
"Satıcı ilgisizdi, sorun yaşadım.",olumsuz
"Bu ürün gerçekten harika, çok memnun kaldım.",olumlu
"Kargo hızlıydı, ürün sağlam geldi.",olumlu
"Tam anlatıldığı gibi, çok başarılı.",olumlu
"Kargo çok yavaştı, bir daha sipariş vermem.",olumsuz
"Satıcı ilgisizdi, sorun yaşadım.",olumsuz
"Satıcı çok ilgiliydi, teşekkür ederim.",olumlu
"Kargo çok yavaştı, bir daha sipariş vermem.",olumsuz
Beklentimi hiç karşılamadı.,olumsuz
"Çok güzel paketlenmişti, teşekkür ederim.",olumlu
Ne çok memnun oldum ne de pişmanım.,nötr
Ne övülecek kadar iyi ne de kötü.,nötr
"Kargo hızlıydı, ürün sağlam geldi.",olumlu
"Kalitesiz bir ürün, tavsiye etmiyorum.",olumsuz
"Kararsız kaldım, tekrar alır mıyım bilmiyorum.",nötr
İyi mi kötü mü emin olamadım.,nötr
"Hiç memnun kalmadım, kötü bir deneyimdi.",olumsuz
"Çok güzel paketlenmişti, teşekkür ederim.",olumlu
"Fotoğraftaki gibi değil, yanıltıcı.",olumsuz
"Kararsız kaldım, tekrar alır mıyım bilmiyorum.",nötr
"Satıcı çok ilgiliydi, teşekkür ederim.",olumlu
"Kalitesi çok iyi, herkese tavsiye ederim.",olumlu
"Ürün idare eder, ne çok iyi ne çok kötü.",nötr
"Çok güzel paketlenmişti, teşekkür ederim.",olumlu
Kullanılmış ürün göndermişler.,olumsuz
"Çok güzel paketlenmişti, teşekkür ederim.",olumlu
"Hiç memnun kalmadım, kötü bir deneyimdi.",olumsuz
Fiyatına göre mükemmel bir ürün.,olumlu
"Ürünü denemedim, yorum yapmam zor.",nötr
"Kalitesiz bir ürün, tavsiye etmiyorum.",olumsuz
Ne çok memnun oldum ne de pişmanım.,nötr
"Kalitesiz bir ürün, tavsiye etmiyorum.",olumsuz
Ne çok memnun oldum ne de pişmanım.,nötr
"Kargo hızlıydı, ürün sağlam geldi.",olumlu
"Çok güzel paketlenmişti, teşekkür ederim.",olumlu
Ne övülecek kadar iyi ne de kötü.,nötr
İyi mi kötü mü emin olamadım.,nötr
"Süper kalite, gönül rahatlığıyla alın.",olumlu
"Satıcı ilgisizdi, sorun yaşadım.",olumsuz
İyi mi kötü mü emin olamadım.,nötr
Ne yazık ki yorum yapacak kadar kullanmadım.,nötr
"Ürün idare eder, ne çok iyi ne çok kötü.",nötr
Ne çok memnun oldum ne de pişmanım.,nötr
